<addon id="repository.addiesport"
       name="Addie Sport"
       version="1.0.1"
       provider-name="Addie">
    <extension point="xbmc.addon.repository" name="AddieSport">
    <dir>
        <info compressed="false">https://raw.githubusercontent.com/adenaan/addiesports/main/addons.xml</info>
        <checksum>https://raw.githubusercontent.com/adenaan/addiesports/main/addons.xml.md5</checksum>
        <datadir zip="true">https://raw.githubusercontent.com/adenaan/addiesports/main/zips/</datadir>
    </dir>
    </extension>
    <extension point="xbmc.addon.metadata">
        <summary lang="en_GB">Kodi Add-ons Repository</summary>
        <description lang="en_GB">Repository for Sports Kodi add-ons.</description>
        <platform>all</platform>
        <assets>
            <icon>icon1.png</icon>
            <fanart>fanart1.jpg</fanart>
        </assets>
    </extension>
</addon>